structure_chain,structure_resnum,structure_icode,full_length_resnum
A,2,,225
A,3,,226
A,4,,227
A,5,,228
A,6,,229
A,7,,230
A,8,,231
A,9,,232
A,10,,233
A,11,,234
A,12,,235
A,13,,236
A,14,,237
A,15,,238
A,16,,239
A,17,,240
A,18,,241
A,19,,242
A,20,,243
A,21,,244
A,22,,245
A,23,,246
A,24,,247
A,25,,248
A,26,,249
A,27,,250
A,28,,251
A,29,,252
A,30,,253
A,31,,254
A,32,,255
A,33,,256
A,34,,257
A,35,,258
A,36,,259
A,37,,260
A,38,,261
A,39,,262
A,40,,263
A,41,,264
A,42,,265
A,43,,266
A,44,,267
A,45,,268
A,46,,269
A,47,,270
A,48,,271
A,49,,272
A,50,,273
A,51,,274
A,52,,275
A,53,,276
A,54,,277
A,55,,278
A,56,,279
A,57,,280
A,58,,281
A,59,,282
A,60,,283
A,61,,284
A,62,,285
A,63,,286
A,64,,287
A,65,,288
A,66,,289
A,67,,290
A,68,,291
A,69,,292
A,70,,293
A,71,,294
A,72,,295
A,73,,296
A,74,,297
A,75,,298
A,76,,299
A,77,,300
A,78,,301
A,79,,302
A,80,,303
A,81,,304
A,82,,305
A,83,,306
A,84,,307
A,85,,308
A,86,,309
A,87,,310
A,88,,311
A,89,,312
A,90,,313
A,91,,314
A,92,,315
A,93,,316
A,94,,317
A,95,,318
A,96,,319
A,97,,320
A,98,,321
A,99,,322
A,100,,323
A,101,,324
A,102,,325
A,103,,326
A,104,,327
A,105,,328
A,106,,329
A,107,,330
A,108,,331
A,109,,332
A,110,,333
A,111,,334
A,112,,335
A,113,,336
A,114,,337
A,115,,338
A,116,,339
A,117,,340
A,118,,341
A,119,,342
A,120,,343
A,121,,344
A,122,,345
A,123,,346
A,124,,347
A,125,,348
A,126,,349
A,127,,350
A,128,,351
A,129,,352
A,130,,353
A,131,,354
A,132,,355
A,133,,356
A,134,,357
A,135,,358
A,136,,359
A,137,,360
A,138,,361
A,139,,362
A,140,,363
A,141,,364
A,142,,365
A,143,,366
A,144,,367
A,145,,368
A,146,,369
A,147,,370
A,148,,371
A,149,,372
A,150,,373
A,151,,374
A,152,,375
A,153,,376
A,154,,377
A,155,,378
A,156,,379
A,157,,380
A,158,,381
A,159,,382
A,160,,383
A,161,,384
A,162,,385
A,163,,386
A,164,,387
A,165,,388
A,166,,389
A,167,,390
A,168,,391
A,169,,392
A,170,,393
A,171,,394
A,172,,395
A,173,,396
A,174,,397
A,175,,398
A,176,,399
A,177,,400
A,178,,401
A,179,,402
A,180,,403
A,181,,404
A,182,,405
A,183,,406
A,184,,407
A,185,,408
A,186,,409
A,187,,410
A,188,,411
A,189,,412
A,190,,413
A,191,,414
A,192,,415
A,193,,416
A,194,,417
A,195,,418
A,196,,419
A,197,,420
A,198,,421
A,199,,422
A,200,,423
A,201,,424
A,202,,425
A,203,,426
A,204,,427
A,205,,428
A,206,,429
A,207,,430
A,208,,431
A,209,,432
A,210,,433
A,211,,434
A,212,,435
A,213,,436
A,214,,437
A,215,,438
A,216,,439
A,217,,440
A,218,,441
A,219,,442
A,220,,443
A,221,,444
A,222,,445
A,223,,446
A,224,,447
A,225,,448
A,226,,449
A,227,,450
A,228,,451
A,229,,452
A,230,,453
A,231,,454
A,232,,455
A,233,,456
A,234,,457
A,235,,458
A,236,,459
A,237,,460
A,238,,461
A,239,,462
A,240,,463
A,241,,464
A,242,,465
A,243,,466
A,244,,467
A,245,,468
A,246,,469
A,247,,470
A,248,,471
A,249,,472
A,250,,473
A,251,,474
A,252,,475
A,253,,476
A,254,,477
A,255,,478
A,256,,479
A,257,,480
A,258,,481
A,259,,482
A,260,,483
A,261,,484
A,262,,485
A,263,,486
A,264,,487
A,265,,488
A,266,,489
A,267,,490
A,268,,491
A,269,,492
A,270,,493
A,271,,494
A,272,,495
A,273,,496
A,274,,497
A,275,,498
A,276,,499
A,277,,500
A,278,,501
A,279,,502
A,280,,503
A,281,,504
A,282,,505
A,283,,506
A,284,,507
A,285,,508
A,286,,509
A,287,,510
A,288,,511
A,289,,512
A,290,,513
A,291,,514
A,292,,515
A,293,,516
A,294,,517
A,295,,518
A,296,,519
A,297,,520
A,298,,521
A,299,,522
A,300,,523
A,301,,524
A,302,,525
A,303,,526
A,304,,527
A,305,,528
A,306,,529
B,2,,225
B,3,,226
B,4,,227
B,5,,228
B,6,,229
B,7,,230
B,8,,231
B,9,,232
B,10,,233
B,11,,234
B,12,,235
B,13,,236
B,14,,237
B,15,,238
B,16,,239
B,17,,240
B,18,,241
B,19,,242
B,20,,243
B,21,,244
B,22,,245
B,23,,246
B,24,,247
B,25,,248
B,26,,249
B,27,,250
B,28,,251
B,29,,252
B,30,,253
B,31,,254
B,32,,255
B,33,,256
B,34,,257
B,35,,258
B,36,,259
B,37,,260
B,38,,261
B,39,,262
B,40,,263
B,41,,264
B,42,,265
B,43,,266
B,44,,267
B,45,,268
B,46,,269
B,47,,270
B,48,,271
B,49,,272
B,50,,273
B,51,,274
B,52,,275
B,53,,276
B,54,,277
B,55,,278
B,56,,279
B,57,,280
B,58,,281
B,59,,282
B,60,,283
B,61,,284
B,62,,285
B,63,,286
B,64,,287
B,65,,288
B,66,,289
B,67,,290
B,68,,291
B,69,,292
B,70,,293
B,71,,294
B,72,,295
B,73,,296
B,74,,297
B,75,,298
B,76,,299
B,77,,300
B,78,,301
B,79,,302
B,80,,303
B,81,,304
B,82,,305
B,83,,306
B,84,,307
B,85,,308
B,86,,309
B,87,,310
B,88,,311
B,89,,312
B,90,,313
B,91,,314
B,92,,315
B,93,,316
B,94,,317
B,95,,318
B,96,,319
B,97,,320
B,98,,321
B,99,,322
B,100,,323
B,101,,324
B,102,,325
B,103,,326
B,104,,327
B,105,,328
B,106,,329
B,107,,330
B,108,,331
B,109,,332
B,110,,333
B,111,,334
B,112,,335
B,113,,336
B,114,,337
B,115,,338
B,116,,339
B,117,,340
B,118,,341
B,119,,342
B,120,,343
B,121,,344
B,122,,345
B,123,,346
B,124,,347
B,125,,348
B,126,,349
B,127,,350
B,128,,351
B,129,,352
B,130,,353
B,131,,354
B,132,,355
B,133,,356
B,134,,357
B,135,,358
B,136,,359
B,137,,360
B,138,,361
B,139,,362
B,140,,363
B,141,,364
B,142,,365
B,143,,366
B,144,,367
B,145,,368
B,146,,369
B,147,,370
B,148,,371
B,149,,372
B,150,,373
B,151,,374
B,152,,375
B,153,,376
B,154,,377
B,155,,378
B,156,,379
B,157,,380
B,158,,381
B,159,,382
B,160,,383
B,161,,384
B,162,,385
B,163,,386
B,164,,387
B,165,,388
B,166,,389
B,167,,390
B,168,,391
B,169,,392
B,170,,393
B,171,,394
B,172,,395
B,173,,396
B,174,,397
B,175,,398
B,176,,399
B,177,,400
B,178,,401
B,179,,402
B,180,,403
B,181,,404
B,182,,405
B,183,,406
B,184,,407
B,185,,408
B,186,,409
B,187,,410
B,188,,411
B,189,,412
B,190,,413
B,191,,414
B,192,,415
B,193,,416
B,194,,417
B,195,,418
B,196,,419
B,197,,420
B,198,,421
B,199,,422
B,200,,423
B,201,,424
B,202,,425
B,203,,426
B,204,,427
B,205,,428
B,206,,429
B,207,,430
B,208,,431
B,209,,432
B,210,,433
B,211,,434
B,212,,435
B,213,,436
B,214,,437
B,215,,438
B,216,,439
B,217,,440
B,218,,441
B,219,,442
B,220,,443
B,221,,444
B,222,,445
B,223,,446
B,224,,447
B,225,,448
B,226,,449
B,227,,450
B,228,,451
B,229,,452
B,230,,453
B,231,,454
B,232,,455
B,233,,456
B,234,,457
B,235,,458
B,236,,459
B,237,,460
B,238,,461
B,239,,462
B,240,,463
B,241,,464
B,242,,465
B,243,,466
B,244,,467
B,245,,468
B,246,,469
B,247,,470
B,248,,471
B,249,,472
B,250,,473
B,251,,474
B,252,,475
B,253,,476
B,254,,477
B,255,,478
B,256,,479
B,257,,480
B,258,,481
B,259,,482
B,260,,483
B,261,,484
B,262,,485
B,263,,486
B,264,,487
B,265,,488
B,266,,489
B,267,,490
B,268,,491
B,269,,492
B,270,,493
B,271,,494
B,272,,495
B,273,,496
B,274,,497
B,275,,498
B,276,,499
B,277,,500
B,278,,501
B,279,,502
B,280,,503
B,281,,504
B,282,,505
B,283,,506
B,284,,507
B,285,,508
B,286,,509
B,287,,510
B,288,,511
B,289,,512
B,290,,513
B,291,,514
B,292,,515
B,293,,516
B,294,,517
B,295,,518
B,296,,519
B,297,,520
B,298,,521
B,299,,522
B,300,,523
B,301,,524
B,302,,525
B,303,,526
B,304,,527
B,305,,528
B,306,,529
